"code ","explanation"
"",""
"int main() {printf(""Hello, World!""); return 0;}","The code prints the string ""Hello, World!""."
"int main() {scanf(""%d"",&n); printf(""%d"",n); return 0;}","The code scans the value of n and then prints the value of n."
"int main() {scanf(""%d"",&m); printf(""%d"",m); return 0;}","The code scans the value of m and then prints the value of m."
"int main() {printf(""Himanshu""); return 0;}","The code prints the string ""Himanshu""."
"int main() {scanf(""%d"",&a); printf(""%d"",a); return 0;}","The code scans the value of a and then prints the value of a."
"int main() {scanf(""%d"",&b); printf(""%d"",b); return 0;}","The code scans the value of b and then prints the value of b."
"int main() {scanf(""%d"",&c); printf(""%d"",c); return 0;}","The code scans the value of c and then prints the value of c."
"int main() {scanf(""%d"",&d); printf(""%d"",d); return 0;}","The code scans the value of d and then prints the value of d."
"int main() {printf(""Anurag""); return 0;}","The code prints the string ""Anurag""."
"int main() {scanf(""%d"",&h); printf(""%d"",h); return 0;}","The code scans the value of h and then prints the value of h."
"int main() {scanf(""%d"",&i); printf(""%d"",i); return 0;}","The code scans the value of i and then prints the value of i."
"int main() {scanf(""%d"",&a); scanf(""%d"",&b);c=a+b;printf(""%d"",c); return 0;}","The code scans the value of a and b then compute sum of a,b and store the sum in c then prints the value of c."
"int main() { scanf(""%d"",&a); if(a%2==0) printf(""even""); else printf(""odd""); return 0;}","The code scans the value of a then checks whether it is divisible by 2 or not. If yes then prints even else odd."
"int main(){ int myNum = 15; printf(""%d"", myNum); return 0;}","The code assigns a integer value ""15"" to myNum and then prints value of myNum."
"int main(){ float myNum = 89.98; printf(""%f"", myNum); return 0;}","The code assigns a float value ""89.98"" to myNum and then prints value of myNum."
"int main(){ char name = A; printf(""%c"",name); return 0;}","The code assigns a character value ""A"" to name and then prints value of name."
"int main(){ int x = 5; int y = 3; printf(""%d"", x > y); return 0;}","The code assigns the interger value '5' and '3' to x and y respectively and then compares x and y and prints True if x is greater than y."
"int main() {scanf(""%d"",&a); scanf(""%d"",&b);c=a-b;printf(""%d"",c); return 0;}","The code scans the value of a and b then compute difference of a,b and store the sum in c then prints the value of c."
"int main() {scanf(""%d"",&a); scanf(""%d"",&b);c=a*b;printf(""%d"",c); return 0;}","The code scans the value of a and b then compute product of a,b and store the sum in c then prints the value of c."
"int main() {scanf(""%d"",&a); scanf(""%d"",&b);c=a/b;printf(""%d"",c); return 0;}","The code scans the value of a and b then compute division of a,b and store the sum in c then prints the value of c."
"int main(){int i = 0;while (i < 5) {printf(""%d\n"", i);i++;} return 0;}","The code assign '0' value to I and the prints value of i until I is less than 5 by incrementing i at each step."
"int main() {printf(""codecops:programming simplified""); return 0;}","The code prints the string ""codecops:programming simplified ""."
"int main() { scanf(""%d"",&a); if(a%3==0) printf(""divisible by 3""); else printf(""not divisible by 3""); return 0;}","The code scans the value of a then checks whether it is divisible by 3 or not. If yes then prints' divisible by 3 'else 'not divisible by 3'."
"  ",""
"  ",""
"",""
